{
  "map": "Ionium",
  "next_region": 1,
  "next_city": 1,
  "next_edge": 0,
  "region": {
    "0": "#ff0"
  },
  "city": {
    "0": {
      "cityTile": "X",
      "cityRegion": 0
    }
  },
  "edge": {},
  "loc": {
    "region": {
      "0": [
        390,
        932.3333282470703
      ]
    },
    "city": {
      "0": [
        910,
        604.3333282470703
      ]
    },
    "edge": {},
    "market": {
      "TL": [
        8,
        991.3333282470703
      ],
      "BR": [
        1507,
        1068.3333282470703
      ]
    }
  }
}